x,y,class
0.04967141530112327,0.09261775475316414,1
-0.00375638114031516,0.19119531279503232,1
0.08488979181082777,-0.138842484095276,1
0.18243651301089375,0.058577832474613956,1
0.016673380394861027,-0.061012308604776064,1
0.02655377526086194,-0.042387394239929384,1
0.2176721104748858,-0.05014178230635789,1
0.14616340787197224,-0.07403325266642385,1
0.03200861452225808,0.02097779511287704,1
0.14259659257484164,-0.06272276031000351,1
0.05121333629380141,0.05214595716811964,1
0.06000837526092129,0.025279865638094007,1
0.13959749548305536,0.012081014088462152,1
-0.0673310019585436,-0.04864691026730979,1
-0.040140768384285846,-0.00898039000498247,1
0.0842171509517565,0.13126836538271588,1
0.046981511368566584,0.11328965237266973,1
0.18721513436125475,-0.026662306206723427,1
0.07220436899533453,0.08933816365394988,1
0.0286672489447371,0.16326107003005386,1
0.32301202224861614,-0.06970630302348008,1
0.16006230656592027,0.1610647518916057,1
0.19521377604604243,0.05033117743870595,1
0.05142074442138653,0.18387571433916156,1
0.1444912616564598,0.06105635951527745,1
0.21464133300069957,-0.032209201055518055,1
0.09264147594379762,-0.0032624963552145836,1
0.2490617264940164,0.17581422310834358,1
0.15472606490084873,0.2087779940072554,1
0.18845356294562018,0.10444449134726357,1
0.15980885546492246,0.27106014817332275,1
0.40707658530169427,0.053611525757251116,1
0.22187059222797562,0.2259392208602274,1
0.11831323565722753,0.12443307761855942,1
0.30668602186842214,0.19352484885327545,1
0.1021688436363874,0.27679045602781743,1
0.24442758586740462,0.19950153332726195,1
0.02632102202131631,0.2607112327167616,1
0.08766807494590659,0.41353282450998546,1
0.23781693915511243,0.26904489166387385,1
0.2890613671493154,0.42420829806784394,1
0.22887007908177923,0.24162835164455476,1
0.1961171336431938,0.4215746092684467,1
0.17294663079683315,0.5267614868878473,1
0.05000296987055891,0.14944579438415437,1
0.12008949921079538,0.330901284145238,1
0.139647484515586,0.4822331651957995,1
0.28447848407808757,0.4180906584079561,1
0.2055998805655473,0.48929256774699226,1
-0.01317718376974733,0.4054551544706524,1
0.18684176914054623,0.4880605784078246,1
0.10665088800104588,0.4772333355795023,1
0.06761398091583888,0.622809552346246,1
0.18604498902004907,0.5445138562205466,1
0.2169760750727389,0.5656619508030835,1
0.19543462591368638,0.5033127942794182,1
0.0062519012937972684,0.5080870541763294,1
0.04656149751210796,0.5256670088547785,1
0.09736636641872853,0.6201508653408853,1
0.14800686438999267,0.550077547920578,1
-0.011790204626839294,0.6322913598324899,1
0.0027068882920007926,0.8216395607215813,1
-0.10473562829147517,0.7116256859867166,1
-0.12960872518874691,0.6019333494711617,1
0.05487768689180848,0.7642692034660232,1
0.09237212794329738,0.6125231385928169,1
-0.06780862769388935,0.45825326304124003,1
0.021923183130399385,0.5695260273261509,1
-0.060543118864616774,0.4910403594514726,1
-0.17993620070410954,0.6502514419929624,1
-0.09842922523124487,0.694008970841215,1
-0.00032232578011195945,0.866039450817313,1
-0.1776634210622559,0.7367648293841105,1
-0.03795336003724356,0.6872701584204376,1
-0.47709509930536104,0.796645034291176,1
-0.15398249528438412,0.49651620973343225,1
-0.24885229848463497,0.7445027872086177,1
-0.30915639572875964,0.8007115842963695,1
-0.2920744248867695,0.5778086394195566,1
-0.5222797250802083,0.8414301784786288,1
-0.3680206723511709,0.7616246201485849,1
-0.333111567142599,0.6862870263040883,1
-0.24402138133603157,0.7904439825981293,1
-0.4668238943526873,0.9528832905358983,1
-0.5192095402849594,0.7419367576101125,1
-0.5120551164727866,0.7457865360223833,1
-0.3939926869555945,0.6715118744097673,1
-0.4764235026858458,0.628207716833592,1
-0.5861302134919232,0.7912228371922567,1
-0.5057502112353794,0.6168237576697543,1
-0.5713361608249944,0.7030709740751214,1
-0.5081673154254218,0.640864365830224,1
-0.6992224375915793,0.7284723202198536,1
-0.685742309058553,0.7051088608301574,1
-0.7160955462959979,0.7658853718397618,1
-0.8470703519256068,0.6007359266491429,1
-0.6948420865288428,0.6135714979091461,1
-0.7219604601815925,0.5307177875490791,1
-0.7710184811368465,0.5714129902109656,1
-0.8182795828889972,0.6400335040172075,1
-0.959451335854222,0.6636771787960144,1
-0.8828496124119632,0.48065186860306003,1
-0.8976798070699323,0.6439365548230798,1
-0.9659868206612863,0.6758678069192363,1
-0.9239408709513491,0.5641998492172482,1
-0.8891379137090558,0.6923171074016921,1
-0.7623076722306412,0.4082739204620709,1
-0.9544794440194883,0.34144291722214665,1
-0.9667960755797496,0.2675389970907749,1
-1.0201878611301598,0.5737727966587003,1
-1.2243662864237972,0.46762537176511343,1
-1.0544158218226756,0.3739230287819097,1
-1.0645218719970044,0.38405321067629977,1
-0.8424823496748273,0.21937512905023338,1
-1.125761781907057,0.5516711758958313,1
-1.0935240298757447,0.294506472490286,1
-1.1437137444649312,0.26634155957942884,1
-1.273061965370727,0.3011394724188557,1
-1.0572286489442124,0.24918185237715623,1
-1.1109772947188503,0.19535994836381188,1
-1.1210480560940312,0.06520303797795882,1
-1.3043701049013703,0.16208110721133132,1
-1.0857103692216055,0.27324258586749156,1
-1.3779909835283553,0.18912799542823908,1
-1.1901736331271051,0.18290908713113935,1
-1.0400848552329227,-0.059048876530460315,1
-1.3676534474882567,-0.13890778456436845,1
-1.3338785291707906,-0.08502770157376086,1
-1.2750938576525137,-0.0998387647846318,1
-1.3423603969674032,-0.029393102848129488,1
-1.4531594836205974,-0.3418760825224061,1
-1.296427083993852,-0.05388534867102526,1
-1.4137979930990892,-0.25722178941591556,1
-1.263571310466887,-0.3190354927565468,1
-1.4052999352330804,-0.4128053505140212,1
-1.1598410508966552,-0.512624103742186,1
-1.393673493061672,-0.3006352526632263,1
-1.3470920452588435,-0.41167861188360283,1
-1.2320840324590385,-0.5842822275056542,1
-1.434072974651383,-0.6212603388694112,1
-1.284781803051817,-0.5619603899136184,1
-1.1723355289057615,-0.3982444942903312,1
-1.4582919464486874,-0.6279775275735475,1
-1.2725377031918668,-0.7892828394117818,1
-1.2574265522299897,-0.7005424539310686,1
-1.196595997392923,-0.7402602857109664,1
-1.3887807685937947,-1.0196869806324407,1
-1.386377808213582,-0.7923989507613949,1
-1.1903193895242,-0.8469647270061295,1
-1.1999281874237644,-0.791052782878788,1
-1.1906198027967945,-0.7124497592177964,1
-1.165994502782991,-0.8211999065717772,1
-1.2525391839969522,-0.9970645415548214,1
-1.1441361096862706,-1.1169247468820904,1
-1.1198074903955022,-0.7847787704990467,1
-1.2012336294623431,-1.0717504216522837,1
-0.9228381732915169,-1.111520520092947,1
-1.0405866495187484,-1.1502195306293321,1
-1.1845964844680645,-1.1625132185999791,1
-0.9762544429322335,-1.2308622394413935,1
-1.114775622199295,-1.3074555087602373,1
-0.912958042607847,-1.3379657643425582,1
-0.8491357115617165,-1.3192421543917077,1
-1.0193712166182713,-1.4024617219752689,1
-0.8122621731194224,-1.4509909150388343,1
-0.8376186228648373,-1.4000544692640922,1
-0.7659997023932409,-1.4665600223057231,1
-0.6268603408938122,-1.3203712805051744,1
-0.8084510296696411,-1.7648893794293792,1
-0.8257117026765155,-1.4189474223778697,1
-0.804784203224367,-1.431049841484616,1
-0.76199366451023,-1.7897831666948245,1
-0.65180515269315,-1.6426955571646318,1
-0.5727827329666305,-1.67072213450099,1
-0.5411713914666452,-1.7986211952646047,1
-0.4472241161970479,-1.7590569649701433,1
-0.4889243242030015,-1.814824466386067,1
-0.30435478116057646,-1.550091243725385,1
-0.43488146695720925,-1.6523356882353462,1
-0.09435350053939173,-1.6383416349990225,1
-0.2610292650740037,-1.71190703228549,1
-0.3658329748370128,-1.9145156662896632,1
-0.34304877586107874,-1.8705342042469086,1
-0.14290187814892524,-1.784528755278435,1
-0.1680592107781806,-1.9699529270992955,1
-0.028278563371832252,-1.7895823653400385,1
-0.0057507478496544515,-1.8969038564622407,1
-0.01321254769247679,-1.9211691845805174,1
-0.04295311904727108,-1.8222139407772098,1
-0.06162184710889042,-1.857294610021854,1
0.09379774780018169,-1.9449986299111113,1
0.27309366021165526,-1.7989028676746974,1
0.2582537021207068,-2.0276122861274852,1
0.16201427998685317,-1.8613031095996089,1
0.3539700945609763,-1.8656830646165636,1
0.42553380764997817,-1.9567362174246379,1
0.3492183285515487,-1.892635462059386,1
0.5037957560983443,-2.048493966396533,1
0.5452452461383864,-1.8277691678221142,1
0.4762747861819243,-1.9340964555641842,1
0.6776082614741932,-1.9619486682401235,1
0.7492395329216216,-1.797472920786507,1
0.8528348306141096,-1.9641256163033858,1
0.901278508698893,-2.0244682665609974,1
0.7094625357278925,-2.027823985826042,1
0.8047030374296262,-1.7987026107695305,1
1.001132119483227,-1.9730892666399618,1
1.0519990862255133,-1.653907436580242,1
1.1029276795674676,-2.02051676314082,1
1.4872705135506008,-1.624211288017402,1
1.2093942814625795,-1.752885157980702,1
1.3158643462378754,-1.7623868737340875,1
1.3473663937027274,-1.7845376715940275,1
1.3663808112484035,-1.6660678277112526,1
1.318568396611146,-1.684291067783553,1
1.4743851885549697,-1.5433601324641368,1
1.3690991865881543,-1.6140540050198005,1
1.4700550417625229,-1.5808650109273168,1
1.491978852656941,-1.601316116720778,1
1.59486552570507,-1.5383608622777136,1
1.863653121794592,-1.4682607088620026,1
1.4902779890459854,-1.6351080568958687,1
1.789717922288596,-1.5626494790688779,1
1.6031401760590702,-1.3159483488243346,1
1.759733496050294,-1.3343519221080509,1
1.9574946271959954,-1.3297372422407525,1
1.8958216668926005,-1.2681506003659584,1
1.8214981156381955,-1.1926645101192246,1
1.8966700011612923,-1.2376209418405513,1
2.0741012255794926,-1.2165123864013514,1
1.9700240757146226,-1.0729710434157578,1
2.100569494477279,-1.1431263023624307,1
2.1182532416151965,-0.9560810976665753,1
2.082184434498607,-1.1176910628157,1
2.3942303189756555,-0.793978518727966,1
2.274529925666792,-0.7980578052739312,1
2.038704826036484,-0.7671281378984951,1
2.288693460046936,-0.640894594220577,1
2.231415830047389,-0.5180977150192383,1
2.4090720972272015,-0.5277692765254356,1
2.2694698918223635,-0.7569661495289811,1
2.3607722799353916,-0.6436527234256302,1
2.44487200077923,-0.5201704345168882,1
2.501652982693301,-0.39628450012666416,1
2.31430314787777,-0.28757925470215184,1
2.418664284914641,-0.35165345288880434,1
2.420903841744795,-0.199455286913164,1
2.4178287216182484,-0.23207949060293606,1
2.6729275478133845,-0.15549664778480432,1
2.548536838058379,-0.1722478823813551,1
2.3920227159744107,-0.06061471748606092,1
2.6183664893429937,-0.039682324517731446,1
2.745643694635094,0.0621227222190088,1
2.6418838770055424,0.32970315010915674,1
2.390255084052268,0.1943910669521421,1
2.4956538922574474,0.6178817104632925,1
2.670970253185041,0.4695653823425025,1
2.4720178928202077,0.504541315774696,1
2.583964716313283,0.46623607634715325,1
2.6121258599570973,0.6882626135097144,1
2.4353215075466723,0.6269284081171592,1
2.5136783819266926,0.7630093286094672,1
2.1853778376611865,1.0731430000933915,1
2.3951909785644134,0.8738189349417654,1
2.4587450494855254,1.064560669343552,1
2.3438392722369668,0.9453957414704895,1
2.6147159322083766,1.0781196008912863,1
2.28955848024629,1.3243817948331684,1
2.367906955309151,1.150019565186798,1
2.402566834947846,1.4590598472821545,1
2.509446943252582,1.4133259216787426,1
2.1958098411787925,1.3506295851404193,1
2.4280438880492694,1.5339851313428485,1
2.28334397220981,1.6313632337794484,1
2.1530326082054154,1.6591003782568399,1
2.264535515832759,1.5021095732262746,1
2.2036622325041537,1.6479850863212935,1
2.0874668582326232,1.7568209720743557,1
2.11651529134441,1.8342641616202966,1
2.0313788538160993,1.9631236057759174,1
2.0399812838155498,1.9773434515708115,1
2.051923036675035,1.8836780670433415,1
2.0997712967624627,2.1119480927260694,1
1.7712463361166721,2.1907341572956924,1
2.060608768570759,2.2403885846493066,1
1.6028153626011474,2.34616389171062,1
1.732028637114741,2.374052739379244,1
1.7537105148957624,2.388008262432601,1
1.6691638373863351,2.3853155710984453,1
1.5235215317496247,2.275247789784487,1
1.5082750271206724,2.5320455932312376,1
1.4216809982775196,2.5562795009497816,1
1.3525668258090286,2.607742239252744,1
1.4356455382427435,2.4965900700750927,1
1.3242613006834094,2.5584078100362637,1
1.1558693071134605,2.8126070265084224,1
1.2504816517533741,2.7426068123468146,1
1.1254097677811516,2.852438685742141,1
1.1089578632514117,2.8232666899728383,1
1.0224980247242155,2.857941781400961,1
0.807409769206769,2.9816769865069745,1
0.764015919527932,2.8674446826963638,1
0.8234797165638278,2.95814785355662,1
0.7375371993393383,2.930049897547505,1
0.6012361441001853,2.9587944713180225,1
0.5410052156640613,2.995489607632969,1
0.5821497864936855,3.0709511031217893,1
0.31954707260735465,3.0213351778535533,1
0.35699122754123247,3.213373733957486,1
0.20494292469938905,3.015016754613437,1
0.12562601386514355,3.1005376597258847,1
0.17890356077439123,3.088044929240885,1
0.07264830438993926,3.2875340258341645,1
-0.007962594067102757,3.1713152739432635,1
-0.03863635935617102,3.261654796780297,1
-0.24735382049629903,3.0146947564799,1
-0.26187640678713875,3.192690397093963,1
-0.4420111248869494,3.2556226966238886,1
-0.45972300952536294,3.1734888163607198,1
-0.5864983273940467,3.2683240494068166,1
-0.6452642778218058,3.104467167501138,1
-0.6770093904131907,3.289446161679119,1
-0.8999352706858924,3.3686044381122917,1
-0.6904346691656906,3.0905155918773612,1
-1.0817523148163128,3.0682108677021076,1
-1.1839082475137446,3.2419347602558353,1
-1.0278231630901256,3.2362603568612816,1
-1.1453631435852072,3.0055951767405307,1
-1.242706992636824,2.993312774740211,1
-1.3225123792273121,2.9824780137116615,1
-1.4663818871039358,2.8494151589447303,1
-1.6342191525114163,2.86308292400227,1
-1.6157199046647948,2.823513063137149,1
-1.769237280938953,2.814025942813032,1
-1.68158804481904,2.852125222407481,1
-1.8706870084227176,2.8417240514141695,1
-2.014658939845639,2.9339952411439616,1
-2.0395670150841134,2.637700526936779,1
-2.040590568907509,2.7925228990641795,1
-2.2117926259357383,2.627227837055453,1
-2.310205267798836,2.59621656868671,1
-2.275149962072322,2.6192015560823387,1
-2.3454760819375027,2.3880462787104557,1
-2.4899863635066946,2.4852237509292743,1
-2.554527570916274,2.4083823768115282,1
-2.5511104901295125,2.383852847402708,1
-2.784723936589077,2.3045388642518416,1
-2.844919002491395,2.4603389505520807,1
-2.838880744370115,2.0884248791592435,1
-2.8498014595255303,2.0347238623705115,1
-2.857294002913211,1.9594020331027977,1
-2.7992363693600937,1.898363214900374,1
-2.917804892854043,1.8207051741168627,1
-3.074728450390952,1.9322537467231833,1
-3.114118950017931,1.8827244025411605,1
-3.264227000612844,1.609374623197823,1
-3.215812066746473,1.5074833356937027,1
-3.2910001836690923,1.5606666690194613,1
-3.2761808386582003,1.3796890399782822,1
-3.435597943983021,1.4182153908789341,1
-3.3434261793879347,1.293895799917495,1
-3.2825979004733497,1.0394277308835342,1
-3.4852460403716403,1.261916709286909,1
-3.470647823889968,1.2017325387402087,1
-3.4761689702290424,0.8747092117385404,1
-3.6175510905508266,0.8099771816229825,1
-3.58511392920338,0.7890612998906951,1
-3.6341749809340747,0.704669215648646,1
-3.6513643319970193,0.646902214038953,1
-3.761888431075239,0.6910229893711863,1
-3.703322220369763,0.3804489535082171,1
-3.6748633492647826,0.22569821289779396,1
-3.596118216467039,0.07428092410982906,1
-3.6595310998180275,0.045163693203146074,1
-3.5519999643480946,0.020405810903553822,1
-3.8535271227418257,0.10811377687436402,1
-3.6966298049919306,-0.2186256221441903,1
-3.770175264334658,-0.24040916676180601,1
-3.571739160078869,-0.36069315428613613,1
-3.8713075289735936,-0.33675178311372067,1
-3.871743841657242,-0.2996528704852504,1
-3.842529641500058,-0.7023397080253146,1
-3.9873141000767216,-0.795191751355002,1
-3.817341910360817,-0.7388511250995864,1
-3.8280232263109935,-0.8720577384149416,1
-3.7219114010904844,-0.8524516490461024,1
-3.685110530886139,-1.0754361818134817,1
-3.511497858824469,-1.2662310545532662,1
-3.5813954585216545,-1.26741037637857,1
-3.7089475032364625,-1.3114155108913081,1
-3.7134183031521015,-1.4356184107684729,1
-3.544210729413631,-1.5618254635063973,1
-3.69276530498849,-1.6002118574045303,1
-3.3424580960958474,-1.6836512547890565,1
-3.370055433259882,-1.7553763418627075,1
-3.494858511508314,-1.9209776820436948,1
-3.5767561822362093,-2.093997170471888,1
-3.2251335184721914,-2.1531664474014476,1
-3.324646676544075,-2.1367909212331964,1
-3.139696272782888,-2.4277270524533194,1
-3.370840218612703,-2.3966819810833013,1
-3.216911589512094,-2.5592600935148697,1
-3.0997078664676883,-2.602227084399074,1
-3.0364999410071336,-2.561168079882067,1
-3.0249056868680055,-2.7524898498294346,1
-2.854080071105964,-2.848156428723302,1
-2.9573888636468983,-3.068539549822655,1
-2.7969550265343543,-2.936176332762519,1
-2.7006405500960007,-3.0229360333886146,1
-2.5890779115469895,-2.9462186309411353,1
-2.4951480780804784,-3.2667011662690353,1
-2.6025366338469182,-3.285650694802342,1
-2.565262323102845,-3.3524773483805244,1
-2.203919377970111,-3.2876733846079045,1
-2.2163930295706793,-3.521050654890843,1
-2.2405566857769768,-3.5477681429380734,1
-1.9248691273939498,-3.5770251198508825,1
-1.9809337278249417,-3.6792431965476284,1
-1.7853781896775376,-3.800532395975576,1
-1.8057032720433548,-3.79231245531318,1
-1.5139200191630704,-3.7579913205372244,1
-1.4504461922874066,-4.019394070235525,1
-1.5553625032618996,-3.9525442974039846,1
-1.3363509739239783,-4.082619754931455,1
-1.2706256608560038,-3.937495470826308,1
-1.0986267129084504,-4.251297100930423,1
-1.2310396215859918,-4.194395883554063,1
-0.9637908112722239,-4.137817469261399,1
-0.8232550228450659,-4.053495033476958,1
-1.0005883643639564,-4.248570740730862,1
-0.8376362404658126,-4.326870675433813,1
-0.8168731723378209,-4.1099655683471035,1
-0.5326392816027105,-4.466959187601759,1
-0.3258684642238293,-4.563432948238644,1
-0.13855373652244196,-4.318237221739557,1
-0.1718573887738194,-4.428397577022581,1
0.09373781848765639,-4.493513224124887,1
-0.09643968129425387,-4.330975246177005,1
-0.017592666070416402,-4.385055545268491,1
0.25877605028076167,-4.470654375552182,1
0.414661370965334,-4.544258206666173,1
0.4851762194278604,-4.328119648834875,1
0.3940868235569792,-4.346627071948684,1
0.7044260059043453,-4.4149804564944635,1
0.6954464429843716,-4.210940263229765,1
1.0053908596292773,-4.490272358947905,1
1.0875145910368371,-4.520590446585489,1
1.0691247691183408,-4.419114109730021,1
1.223736523700043,-4.333477709188143,1
1.2808903301766832,-4.280692420019332,1
1.4918356473122016,-4.302371624438807,1
1.7044384252902087,-4.213383401282894,1
1.6206263353281523,-4.34120987964329,1
1.8792578430743618,-4.0362812889930835,1
1.8847866760032168,-4.1506201756236525,1
1.9667150316106277,-3.9895808986725982,1
2.1426456189400622,-4.0231160448705605,1
2.1562533053790642,-3.9649805234406155,1
2.3098504094885497,-3.9041539792091005,1
2.349800998234772,-3.8640626657320287,1
2.769297517429382,-3.7895142923067557,1
2.678377918467709,-3.663098788942486,1
2.705623986960029,-3.7158899278558497,1
2.8963865412925376,-3.6014982004402962,1
2.9617240180577458,-3.615587090795174,1
3.0473342681648514,-3.394206917560157,1
3.225759006538062,-3.5348867780598474,1
3.333372238683668,-3.213641667288793,1
3.2961506235026428,-3.3217362134057535,1
3.3814312868224374,-3.382318282766129,1
3.4994872725167454,-3.145527224478618,1
3.382881414364849,-3.143158928116615,1
3.545673058197177,-2.9053691200907976,1
3.915972593417188,-2.9667853416170544,1
4.023787214953484,-2.8559883541687854,1
3.912243425284549,-2.907978269158156,1
4.070450827102988,-2.669767301507804,1
4.117301188652002,-2.770348157207426,1
4.465120923786772,-2.5877395303688937,1
4.337866622430691,-2.2527182252589113,1
4.279358617566013,-2.1476690205865023,1
4.260349262569186,-2.0793305119550713,1
4.256471446270276,-2.1123994500570102,1
4.496084682534865,-1.912558756473074,1
4.456086090532448,-1.7985571549269215,1
4.442791929790479,-1.8028307817869453,1
4.5709237068462665,-1.4239059840778387,1
4.575213339220401,-1.372282416232039,1
4.897050445467086,-1.3664777057927646,1
4.858608638314773,-1.2247148435581925,1
4.808856983197241,-1.088317625009597,1
4.993922173868361,-1.1938841703838832,1
4.8869665448629345,-0.8938585320186963,1
4.823398023134556,-0.815718722790085,1
5.089098538158028,-0.7250862416796745,1
5.0148698404338,-0.5295386323301722,1
4.878351909755763,-0.19734160316711982,1
4.981019225380132,-0.18796262560288274,1
4.927322565109571,-0.18343497549187204,1
4.8882682726472355,0.0572582781356134,1
0.13993554365860023,0.07783610761666378,2
0.08239331931447358,-0.0553722203808726,2
-0.014157901008741113,-0.08283416162886885,2
-0.09482720514064857,-0.0026183545466520746,2
0.029733613494164375,-0.021070410559899465,2
-0.010618932413605037,-0.051647949069267736,2
0.02976849307862659,0.060541134628142534,2
-0.005902754788484399,0.08316469655549334,2
0.02599921841618022,-0.00728494368920961,2
-0.14186410937230198,0.12738075677442595,2
0.034184300988384944,-0.13926918600348626,2
-0.08682139014870702,-0.04966962251097949,2
0.09212481893607459,-0.10765805083538361,2
-0.19291580431619298,-0.22876311764415597,2
0.04124536544950749,-0.05696481163612072,2
-0.12065482552958898,-0.06790399363846858,2
-0.2134064237634538,0.0881470407139815,2
-0.20417898450715954,-0.00801204981765391,2
-0.1950415073668877,-0.18182361554394777,2
-0.1274810244380746,0.0972868989405439,2
-0.12416359655291079,0.024869144463878154,2
-0.24000993700843173,-0.0485189623067506,2
-0.19089641480334835,-0.13924196321827376,2
0.020331472818454183,-0.2227597711521936,2
-0.02617521709890694,-0.17460295277663446,2
-0.15991670706230976,-0.03940414704051519,2
-0.20394048586920788,0.028966883160359225,2
-0.19948879198762307,-0.016681375614986504,2
-0.15343813661968755,-0.2316906860137346,2
-0.31990219444478846,-0.3068378971866055,2
-0.2457171704301967,-0.19311227760446495,2
-0.3887071742385595,-0.3966074685404323,2
-0.18329800244124114,-0.20023042930648083,2
-0.15936473458254347,-0.26029495622467197,2
-0.2727501768880406,-0.30531210982031565,2
-0.0668545323044864,-0.4315208956228555,2
-0.3461177926671633,-0.23418285919868542,2
-0.3687255224302758,-0.35243687110593536,2
-0.19804149797975246,-0.4298952271595702,2
-0.11342098530698465,-0.6139602999443536,2
-0.046821940003987345,-0.3433905773663934,2
-0.25762167724967616,-0.17737387744334224,2
-0.0998138785388883,-0.20246827002213136,2
-0.20690784730583284,-0.4283142504806844,2
-0.21511789890138383,-0.4568314504330613,2
-0.10370792630159895,-0.36371338408478326,2
-0.12047907377022285,-0.5243644963965747,2
-0.3364054771546212,-0.4082160070303087,2
-0.02358401663611151,-0.37556995257139236,2
-0.02511769635178096,-0.3431603507538037,2
-0.21698964235201984,-0.48941700730852983,2
-0.10557876269893646,-0.5131684341364069,2
-0.08590316231816082,-0.5938296048559213,2
-0.09880998355357164,-0.6017598072944113,2
-0.16890663820768564,-0.5545495737857159,2
-0.16946895079587165,-0.5077639402100471,2
-0.09272906071520572,-0.4654892139602538,2
0.03979016682870688,-0.649240722704775,2
-0.00988000781892922,-0.43143679420710346,2
-0.0875137848863673,-0.6192883561068612,2
0.0410426519071447,-0.6054506035776922,2
-0.3061270480213904,-0.6888206487718196,2
0.10897870092808278,-0.8669372416708415,2
-0.1639833150971302,-0.5461311630518408,2
-0.009869198792702108,-0.5704634215403854,2
-0.06871511454882928,-0.6814634316067935,2
-0.06886053203623455,-0.6553666448365383,2
0.1945127853966549,-0.6187407366474813,2
0.049936601238191256,-0.8343741372427124,2
0.15007461341666875,-0.7383080581317227,2
0.12987672789416776,-0.6127406649600771,2
0.2018300651490208,-0.8238246619067098,2
0.18176300625728586,-0.6747162987910313,2
0.06611850319978729,-0.8448383917636646,2
0.3147472708411005,-0.6670614779294745,2
0.18679708740577483,-0.7211938888639694,2
0.10189881544247703,-0.882454512988312,2
0.23644414458558158,-0.6071511294619556,2
0.45132648160375055,-0.7991264216773458,2
0.4085450078314685,-0.8080800178593739,2
0.3111882701266337,-0.7077180596760492,2
0.33389705386193064,-0.612952082751297,2
0.35964728068844515,-0.8287479778853404,2
0.6226716708814062,-0.7196460197706617,2
0.4765537252187958,-0.6808684820712056,2
0.5048835768334398,-0.6516539166660354,2
0.5885612441289858,-0.6998038088360696,2
0.5331775295544655,-0.7498949376884034,2
0.507249978533149,-0.7909482776027043,2
0.537441969638217,-0.693817751956004,2
0.5738837898183922,-0.8031282515517427,2
0.6013095908277265,-0.9807651588561963,2
0.701780082567542,-0.6369183572294478,2
0.6581706829795064,-0.5813491661928429,2
0.75014873870434,-0.8984246209681559,2
0.6926471991015367,-0.7527106370056115,2
0.7323176332669098,-0.5786435653379632,2
0.5482459189463703,-0.42284461215614033,2
0.8631625942713406,-0.613762945451036,2
0.8294697171412816,-0.6751037488356358,2
0.9177152726351454,-0.6062679612419638,2
0.5511595423160582,-0.4353807591060042,2
1.072245825895328,-0.6215723807249673,2
0.8718001309236066,-0.6202232217037671,2
1.0186305814585002,-0.5711307111130811,2
0.8255524066779565,-0.5999703869717568,2
1.012203652857951,-0.4733858087729488,2
0.8665956689853066,-0.303440541706332,2
0.9301742185824454,-0.4131030946696,2
1.2041464049402215,-0.4494037157224109,2
1.0134209248175583,-0.4313699330212617,2
1.073507721595726,-0.5358005767426215,2
1.1575516660599825,-0.26774537032960194,2
1.1383747497206165,-0.33970775348135135,2
1.1215675759433021,-0.32514396929321177,2
1.1601748643557286,0.03772640249172271,2
1.3805841260182345,-0.2255267892823711,2
1.150432281905415,-0.30374191503850556,2
1.1916208350672113,-0.24371668882403882,2
1.291236037588289,-0.05812697501622344,2
1.3107038440941343,-0.1329234424687137,2
1.3321343899779345,-0.258762069329468,2
1.289862822518134,0.006882757237532039,2
1.1235053859760789,-0.12140039936664085,2
1.4122024957372417,0.16373935315455532,2
1.1444958785120518,0.11593211545880594,2
1.2988633614990912,-0.004784887027364938,2
1.2018211712085778,0.2005506457373072,2
1.2786451595019788,0.11219680706624086,2
1.3248890725861313,0.22408962220744613,2
1.3302288620590115,0.22110290128037147,2
1.3454754568979834,0.12220471511799857,2
1.4689387486323433,0.17706601632627078,2
1.3562839836818033,0.37934346751992076,2
1.2889418482806352,0.2781173797773501,2
1.4112432082272446,0.3067735902314099,2
1.4342952127205124,0.28744005312448234,2
1.1921251121245766,0.4613703151617891,2
1.3731757611809912,0.6615386294558637,2
1.3811038172390777,0.3849991702376216,2
1.2777714461762308,0.5308038656518812,2
1.4406204856651665,0.7063687023608134,2
1.2825380642893123,0.5940542533126147,2
1.3035587343922515,0.6842057237249444,2
1.2661076492264451,0.569728794707786,2
1.2763361893288012,0.7558186384569635,2
1.1554581888164661,0.7312838898378291,2
1.1103270586457252,0.8855424636775997,2
1.401964052408387,0.9426098791417367,2
1.14493051991525,1.1196297835619915,2
1.1165298528857515,0.9553086860336883,2
0.9853003123723172,0.9664360411847696,2
1.1206405370701527,0.9896141026570723,2
1.0350525000616217,0.9709555267268538,2
1.3133162537390073,1.0759631351702017,2
1.23078019659397,1.0481321240398296,2
1.040600589888221,1.1297595469112025,2
1.313213522144358,1.2795667754791276,2
1.1636426834469593,1.0816674381488003,2
1.0094266654447546,1.3304140543619039,2
0.7673668836892056,1.3818008148062,2
1.2207607602411663,1.271473017519411,2
0.8260380227860975,1.1037813374692482,2
0.7727631100874114,1.287337046152449,2
1.0108568292448188,1.5094057914272287,2
1.1228719561924145,1.4084106858033933,2
0.9866330002437418,1.3411320773341466,2
0.8729305511644431,1.4202930872406216,2
0.8433876522358829,1.5838544012405331,2
0.8356796421187973,1.5827714643902537,2
0.7917256192404913,1.531765150817409,2
0.7085317784106239,1.5457617022725407,2
0.6545150921469274,1.5692509828522145,2
0.6006386176583427,1.5413370294515603,2
0.4934440125129797,1.8194075947397668,2
0.501874933413973,1.6490432492899216,2
0.3209288319712538,1.8254827339220339,2
0.4398742261968335,1.8774498932599926,2
0.30955667291832206,1.8457346173648883,2
0.25601148547677677,1.7223351132266336,2
0.3415854149658523,1.824447247723474,2
0.4193174478298447,1.7991909285288488,2
0.327791186655199,1.7277119915459183,2
0.03409905931092627,1.865902139573387,2
0.046750118588562,1.7298361670941207,2
0.19375573157986326,1.9796501472034338,2
-0.0451742290468218,1.826409586916588,2
-0.01653365857291272,1.9038030694128416,2
0.013278957142886003,1.9216387247521731,2
-0.18669732084605936,1.8758304438000502,2
-0.1279116923922876,1.9675713934767307,2
-0.3208563302711282,1.8673454823488698,2
-0.29698109210280754,2.00663568311322,2
-0.2546099644437981,1.7882987022693604,2
-0.4959513753290231,1.9376311483680437,2
-0.34295459588105265,2.1196744733990673,2
-0.43956785206432986,1.8252156318230404,2
-0.4331742500620781,1.8556081117055174,2
-0.5170329608873201,1.9715626547086957,2
-0.45415777296760196,1.9335644201138453,2
-0.6293070751745722,1.944739376115576,2
-0.7361016343973232,1.9512925563849624,2
-0.7322999559933533,1.9571633941052868,2
-0.7415685005917654,1.994592121120263,2
-0.8423434654910309,1.913142934166503,2
-0.8944263723007485,1.8351778404422412,2
-1.0198277615430347,1.9123037015106075,2
-1.066910582889387,2.0193750482682002,2
-1.1916834381168335,1.7990604477141894,2
-0.9270396901664361,1.6964039943793408,2
-1.276691553932391,1.8846949716296613,2
-1.2715983019994046,1.7406774461516898,2
-1.3238069439103266,1.512778808311729,2
-1.2117492484233794,1.790723606861502,2
-1.3795902889043847,1.6269947789456747,2
-1.2737140592382694,1.6446369924353728,2
-1.5137307704662981,1.6586748029429061,2
-1.465837486214142,1.6149451550514127,2
-1.6240499127658268,1.6359000772132966,2
-1.3721631989890999,1.4891176628486216,2
-1.7509471070301936,1.5503514655688158,2
-1.6460224372824575,1.4381365498718144,2
-1.6577142151579334,1.5017119849470588,2
-1.7230318534328846,1.4518115066279134,2
-1.8254554485170083,1.2578945957163858,2
-1.8615816374726024,1.4199371202229862,2
-1.8850125177851431,1.2163976491610933,2
-1.943972793593975,1.3082284604835064,2
-1.8718124604077973,1.220373705149751,2
-1.7850891505268898,1.3225002815406326,2
-2.0988099173871198,1.0702089706883409,2
-2.21590393347699,1.0103573449891061,2
-2.1225242624599407,0.9949644126492496,2
-1.889373535493756,0.9171147241084906,2
-2.2602033668400945,0.9768882726547377,2
-2.047226342890584,0.6836864926715769,2
-2.073449003294601,0.6873628694152455,2
-2.325406852740793,0.6323834004572073,2
-2.2406961686057003,0.7796759186628538,2
-2.1609891014347244,0.8002676202854435,2
-2.3866347397643817,0.5624338045420697,2
-2.3926039600923175,0.4988128544330593,2
-2.45254136427605,0.46469379305863656,2
-2.5165531363455753,0.5150814354085669,2
-2.499260543089948,0.24660984333000704,2
-2.5745084351749608,0.30291596984693875,2
-2.4649900260349678,0.31565172633911515,2
-2.560158967981484,0.20665061436158644,2
-2.4730035326062003,0.11330302914548192,2
-2.6636282315826465,0.13168638195324728,2
-2.485023088186469,-0.30203183642495074,2
-2.4432273984766235,-0.0276986040908086,2
-2.7328016391909764,-0.2251176158294842,2
-2.5012316939656705,-0.4074022601340205,2
-2.41942518140034,-0.238210695882838,2
-2.665041401413193,-0.21727764946325748,2
-2.377021899582609,-0.4339784437171802,2
-2.500882938445481,-0.3907702486849144,2
-2.610083959074501,-0.39084402856640976,2
-2.5402393623799338,-0.48674018021041243,2
-2.4721818634523087,-0.520495737803797,2
-2.512030378391632,-0.6765955980377393,2
-2.455628972423458,-0.8095911823763502,2
-2.589697102005779,-1.0436215061039469,2
-2.4670657822212334,-0.9742395855279814,2
-2.6099890401239487,-1.1000380435146992,2
-2.4625974079500836,-0.8645241781912009,2
-2.5229633821888338,-1.1648903125128487,2
-2.485464398237826,-1.200395790287126,2
-2.265883459698194,-1.2226664538784147,2
-2.2561886022865427,-1.3381904834959517,2
-2.278482244206019,-1.2373711586867706,2
-2.4209587893010314,-1.5330092936107413,2
-2.313961511077333,-1.5146470432930486,2
-2.1298737033122928,-1.6711664406049247,2
-2.2041534770424405,-1.7911342963373926,2
-1.9518233089486365,-1.7818757129943106,2
-2.1081567620090658,-1.785276515334347,2
-2.0903301711964066,-1.8846377269820254,2
-2.1008218599225277,-1.9702984940082329,2
-2.0152754588121975,-2.100205097844669,2
-2.0009569528609834,-2.0255230601772225,2
-1.8703587474790684,-2.224400345028573,2
-1.799357654319899,-2.05366998639835,2
-1.9259043771559288,-2.17616556456275,2
-1.9311474379091758,-2.3838409691016507,2
-1.9308276839286296,-2.3215814316293395,2
-1.6440796615560485,-2.417305895068817,2
-1.7514013112302198,-2.360414691202392,2
-1.801080543026935,-2.3072988385337703,2
-1.4902293917033058,-2.6766010182825513,2
-1.2216811400001244,-2.5240081243187285,2
-1.412110392657437,-2.596597635089872,2
-1.266836251095475,-2.5571309200120784,2
-1.2803768162321487,-2.645193801253321,2
-1.2350492319586428,-2.782488674349013,2
-1.0686140159112725,-2.7784677212991418,2
-1.1237072701123563,-2.863891201685228,2
-1.0009324199603231,-2.7128341384999333,2
-0.9273653599122531,-2.8528350025841926,2
-0.9571183156632814,-2.697729537334074,2
-0.7208297885939796,-2.9251152368995625,2
-0.7662463317210428,-3.0193764525535673,2
-0.7520746887452738,-3.1276488656792925,2
-0.5496753191395574,-3.182558061686849,2
-0.6191192755122872,-3.1848204142803818,2
-0.45156518117793326,-3.022025060857269,2
-0.3796161111553611,-3.0183375376969077,2
-0.19369193284107117,-3.245917191603348,2
-0.1776923666547808,-3.0149736534277762,2
-0.14989683006238033,-3.1675309293103644,2
0.012750754344356102,-3.1173387338697474,2
0.1489140854105919,-2.9816141745732487,2
0.14509458830235247,-3.061975864705553,2
0.17021950205594163,-3.1853234076240167,2
0.1182705814245614,-3.2523700163251257,2
0.22356033760909755,-3.381166910639968,2
0.3804619787921339,-3.2385749489857876,2
0.4311884245582784,-3.1863734413159466,2
0.5547868916587333,-3.2604939646154,2
0.6606288668107879,-3.1693217092204056,2
0.7894943683925547,-3.1408262293646843,2
0.8110633245566355,-3.1612002239311745,2
0.9483235611168565,-3.1917997060036734,2
0.9875980181473542,-3.0958956526455124,2
0.8649427295995837,-3.052402247587125,2
1.0497007110582564,-3.187343050032495,2
1.2101206574093388,-2.916787941481231,2
1.1841495000579285,-3.045190269678223,2
1.4453398031533604,-3.0087715123032277,2
1.6182322930536135,-2.9130387677225023,2
1.6663699005325645,-2.93162650552434,2
1.6019560733911462,-2.828613476421032,2
1.8505937234727368,-2.8620932828032624,2
1.793966763881026,-2.9168374486102033,2
1.8222726731606995,-2.782152225639907,2
1.8707689538122931,-2.89331781259462,2
1.9771814622700006,-2.726679960433006,2
2.043066032480948,-2.697413658280967,2
2.1724617928928893,-2.6694384072052575,2
2.2440406263471786,-2.6140166907958466,2
2.2998232852368545,-2.739904511415443,2
2.4136665560230095,-2.555190971640782,2
2.5583566734482157,-2.437698286196758,2
2.602379153898574,-2.375751516790483,2
2.4258256870202857,-2.4373752350944886,2
2.384523388949149,-2.1490512157745902,2
2.7976046161776664,-2.301426421382442,2
2.630348452403329,-2.055253157531702,2
2.805980204165077,-2.0451041216835253,2
2.771373456867075,-2.0863388167296546,2
2.7665739472970463,-1.7763798375554487,2
3.0577171279947235,-2.003807570023163,2
3.1346501134248737,-1.7214366762514284,2
3.0545662891549905,-1.6406157459378774,2
2.9048698349345714,-1.7335112734804354,2
3.159336308321986,-1.451472362997693,2
3.301314720317333,-1.5385297648407166,2
3.1605615378145964,-1.4060419814783942,2
3.371210841605704,-1.3288900252262614,2
3.393829845894752,-1.2870343719794202,2
3.493800941733716,-1.1099213150672798,2
3.48632806236737,-1.027817317098682,2
3.4135121020117065,-1.1969979687544752,2
3.6648405195666025,-0.8055540564991642,2
3.561576086059546,-1.0149965364201488,2
3.604792723433428,-0.6572201403840392,2
3.542107425104935,-0.5585530229671855,2
3.6168037167327514,-0.6901444297931902,2
3.5961071812870022,-0.5310839642900101,2
3.688478631803315,-0.5087141431062161,2
3.8958340264035622,-0.32702004038051335,2
3.6040424629534074,-0.24301627532985637,2
3.594102042638874,-0.040290643970404466,2
3.914435242848611,0.10731236642102684,2
3.7558599987378343,0.21091039055640992,2
3.7169545947980067,0.11064768958274246,2
3.892499933648101,0.24186577455124264,2
3.7301578994269495,0.1907070454567654,2
3.9730786717927717,0.37500410380890975,2
3.8555642445730918,0.6488312763823579,2
3.7337992361410857,0.8108111130881052,2
3.9906553489722913,0.6228129199151871,2
3.7041949158924075,0.7840207868912038,2
3.8263194973565544,0.9376063116816796,2
3.7668800377787544,1.065138497501666,2
3.849460257403735,1.052868648353913,2
3.855266062418744,1.2727079499209688,2
3.6796382572468365,1.2790919247407087,2
3.575915350635604,1.4208406418617705,2
3.6695740503111773,1.5722950536885787,2
3.5256311095890713,1.6131950935982204,2
3.7620807090390884,1.6632407373107883,2
3.5392575057895566,1.7896198334410405,2
3.4514672902008,1.8847559450459264,2
3.466408976884335,1.948847567814446,2
3.2707301003741525,2.0514057561734917,2
3.2633593520376674,2.327702533095251,2
3.4332340828132564,2.3135337626781554,2
3.1977884760830952,2.3164854535516795,2
3.106706354465073,2.5032447524216646,2
3.2106393624694456,2.486544263306532,2
3.218802651905807,2.7224140304512194,2
3.113093331450115,2.7259774853626055,2
3.0795039083006635,2.760869542231002,2
2.840685555483768,2.8975717761199444,2
2.708445754034455,2.7754663205178125,2
2.932850443227774,2.89812494247426,2
2.6804021293829776,2.9680919508628167,2
2.6154384933073604,3.176838412748052,2
2.6991289800742737,3.4091748427222446,2
2.5456954256031974,3.5306957421879988,2
2.4574396832374443,3.4412208268956754,2
2.5481872946500714,3.495503160078697,2
2.1852726077306244,3.3314153282368735,2
2.258492044929446,3.521402915541705,2
2.085685637435911,3.5590363956317126,2
2.0193604191405536,3.635819349038152,2
2.056154750725174,3.7390746526620435,2
1.8632386958133287,3.764512396833298,2
1.773824419556233,3.6674245144856226,2
1.7332310102627078,3.991533565906172,2
1.4939708154597042,3.858566962244691,2
1.3495871022855135,4.0365323598486516,2
1.2306823364124155,4.26440840069379,2
1.0388542097240858,4.007039951293403,2
1.340167988522014,3.885474946552271,2
0.9220751206999002,4.1469382345798405,2
0.906972109171448,4.320143399900249,2
0.7970330857327536,4.437830460045623,2
0.7500510589801456,4.148395763319252,2
0.694523675815741,4.347751197614814,2
0.5917459469942297,4.27562675188213,2
0.3393149459465323,4.332957517146221,2
0.2720772703534041,4.626673001446594,2
0.20752486186462743,4.227895121747805,2
0.04425462345111862,4.416763908561273,2
0.11916409307476453,4.448580208083483,2
-0.10364808270127343,4.518014249139546,2
-0.1908430415654413,4.424044827825599,2
-0.3099666992046614,4.447032820749494,2
-0.37109830848873665,4.37620052492071,2
-0.5827288776905956,4.438559883869061,2
-0.8430212046512084,4.370743642566785,2
-0.7859245978595923,4.457761151820137,2
-1.0035592941254559,4.346302848710926,2
-1.1037164346021275,4.405747968883234,2
-1.1044763458755666,4.346997021373399,2
-1.1512949082903483,4.4415241326298105,2
-1.3846845246919717,4.299886992592753,2
-1.467220255779622,4.100944771832487,2
-1.4387026987765605,4.374781091005723,2
-1.6951236220128494,4.125482707137984,2
-1.5686848801045374,4.115281115535527,2
-1.881261473277306,4.082838928380046,2
-2.222078590752443,4.238754291148493,2
-2.0780144928250643,3.843821158110461,2
-2.221661699132723,4.3244306987219945,2
-2.236240064614993,4.066736388138926,2
-2.4022706523666604,3.9311574131466767,2
-2.58667060253612,3.8482971682318814,2
-2.797281386899472,3.8245694494414963,2
-2.7964988634878893,3.787654287663931,2
-2.9600405956400446,3.7369201347941536,2
-3.031009168007301,3.662173967966797,2
-3.0105733876761125,3.5471767072306295,2
-2.9973518860985786,3.447513705823188,2
-3.2181543146966387,3.3786083822145248,2
-3.4687890444672136,3.2982295903060512,2
-3.394552844064891,3.3526177822410306,2
-3.407329293567344,3.217693338197783,2
-3.674051821270345,2.7810148989026993,2
-3.710593881084324,3.0550235526426466,2
-3.7778163471998156,2.920996563158693,2
-3.9377802749115793,2.809499135202718,2
-3.872318985855801,2.6801723507547153,2
-4.02488994565819,2.7369479415814975,2
-4.044222928806946,2.622712870756816,2
-4.245982060721458,2.3520614812379605,2
-4.269654961319573,2.369464919585795,2
-4.219912240931312,2.1290833629974575,2
-4.393186621838405,1.9839144516546754,2
-4.244419693172693,1.953030113285093,2
-4.515701937509602,1.9940269680971525,2
-4.509252692485689,1.893509405555474,2
-4.491758217562937,1.7383028548774209,2
-4.7774175685638225,1.6467553929393544,2
-4.859449020779917,1.5116364740011028,2
-4.880901913416838,1.2802331288875037,2
-4.64418625227711,1.2705956819250404,2
-4.864840061918147,1.189196858327121,2
-4.590107831412533,1.065139816522812,2
-4.935654473963912,0.9880321309141016,2
-4.891071312947679,0.8183506827104121,2
-4.782575135174275,0.6600690614443417,2
-4.760369547249422,0.60844362687322,2
-4.775926167524768,0.3744581299271667,2
-4.879216470129179,0.16385944660681254,2
-4.9124781378669,0.11001038011921659,2
-4.96729555082355,-0.07449026448064183,2
